destination,region,destination_type,year,month,period,season,visitors,congestion_index,hotel_occupancy_pct,avg_daily_spend_eur,sentiment_score,review_volume,esg_score,capacity_index
Barcelona,Cataluña,urban,2023,1,2023-01,low,4807,29.4,29.4,118.05,4.18,429,54.2,92
Barcelona,Cataluña,urban,2023,2,2023-02,low,4443,26.6,27.0,184.39,4.15,767,63.6,92
Barcelona,Cataluña,urban,2023,3,2023-03,shoulder,8358,50.0,50.1,178.77,3.42,1360,49.8,92
Barcelona,Cataluña,urban,2023,4,2023-04,shoulder,9954,54.3,46.6,207.0,3.63,990,63.0,92
Barcelona,Cataluña,urban,2023,5,2023-05,shoulder,9337,52.4,49.5,141.73,3.64,1051,71.5,92
Barcelona,Cataluña,urban,2023,6,2023-06,high,11854,71.3,72.5,217.23,3.47,1742,43.9,92
Barcelona,Cataluña,urban,2023,7,2023-07,peak,15529,97.3,96.0,191.8,3.89,1844,60.7,92
Barcelona,Cataluña,urban,2023,8,2023-08,peak,15090,78.4,78.9,110.54,3.92,2210,52.4,92
Barcelona,Cataluña,urban,2023,9,2023-09,high,13224,65.1,62.7,228.14,4.4,1941,54.0,92
Barcelona,Cataluña,urban,2023,10,2023-10,shoulder,9233,50.0,46.9,164.28,4.08,1019,68.3,92
Barcelona,Cataluña,urban,2023,11,2023-11,low,4771,29.3,26.7,205.3,3.35,409,66.3,92
Barcelona,Cataluña,urban,2023,12,2023-12,low,4945,28.9,25.5,203.34,4.05,596,53.6,92
Barcelona,Cataluña,urban,2024,1,2024-01,low,4398,28.4,25.0,181.8,3.99,422,63.4,92
Barcelona,Cataluña,urban,2024,2,2024-02,low,4815,26.1,22.6,99.38,3.63,688,42.1,92
Barcelona,Cataluña,urban,2024,3,2024-03,shoulder,9935,54.5,54.8,244.19,3.44,1058,66.9,92
Barcelona,Cataluña,urban,2024,4,2024-04,shoulder,8835,46.5,41.4,221.94,3.42,1504,63.2,92
Barcelona,Cataluña,urban,2024,5,2024-05,shoulder,9114,45.2,42.4,155.52,3.22,1420,58.3,92
Barcelona,Cataluña,urban,2024,6,2024-06,high,13272,74.5,70.7,191.86,3.39,1613,68.0,92
Barcelona,Cataluña,urban,2024,7,2024-07,peak,14874,80.6,77.9,136.26,3.32,1443,41.5,92
Barcelona,Cataluña,urban,2024,8,2024-08,peak,16616,78.7,68.2,196.39,3.21,2130,82.0,92
Barcelona,Cataluña,urban,2024,9,2024-09,high,12980,79.8,73.1,194.17,3.4,1652,53.0,92
Barcelona,Cataluña,urban,2024,10,2024-10,shoulder,8812,43.3,41.6,173.5,4.23,1494,37.9,92
Barcelona,Cataluña,urban,2024,11,2024-11,low,5080,25.4,22.1,187.51,3.91,775,52.0,92
Barcelona,Cataluña,urban,2024,12,2024-12,low,4562,23.7,24.0,141.36,3.51,534,47.2,92
Barcelona,Cataluña,urban,2025,1,2025-01,low,5408,25.5,22.5,149.44,3.74,571,52.5,92
Barcelona,Cataluña,urban,2025,2,2025-02,low,4802,30.3,31.2,188.95,3.87,743,61.4,92
Barcelona,Cataluña,urban,2025,3,2025-03,shoulder,8548,52.8,52.7,201.98,3.64,1003,60.2,92
Barcelona,Cataluña,urban,2025,4,2025-04,shoulder,9881,46.1,40.8,172.49,4.46,1611,75.5,92
Barcelona,Cataluña,urban,2025,5,2025-05,shoulder,9748,45.5,43.2,162.06,3.44,1537,56.0,92
Barcelona,Cataluña,urban,2025,6,2025-06,high,11491,66.8,63.5,81.78,3.84,1697,47.9,92
Barcelona,Cataluña,urban,2025,7,2025-07,peak,16578,82.8,72.5,116.88,3.67,2512,52.2,92
Barcelona,Cataluña,urban,2025,8,2025-08,peak,15485,89.4,92.6,173.7,4.02,2718,55.3,92
Barcelona,Cataluña,urban,2025,9,2025-09,high,13181,74.2,77.4,192.26,3.37,1239,80.5,92
Barcelona,Cataluña,urban,2025,10,2025-10,shoulder,9873,53.2,46.4,196.5,3.21,1564,49.3,92
Barcelona,Cataluña,urban,2025,11,2025-11,low,5226,25.1,23.2,155.52,3.73,734,71.5,92
Barcelona,Cataluña,urban,2025,12,2025-12,low,5056,29.4,29.4,118.77,3.21,529,80.0,92
Barcelona,Cataluña,urban,2026,1,2026-01,low,4416,23.9,21.8,265.01,3.65,417,55.1,92
Barcelona,Cataluña,urban,2026,2,2026-02,low,5371,24.6,21.0,114.53,3.65,512,54.8,92
Barcelona,Cataluña,urban,2026,3,2026-03,shoulder,8245,43.7,39.9,188.73,3.99,1220,58.6,92
Barcelona,Cataluña,urban,2026,4,2026-04,shoulder,9749,53.8,48.4,317.64,3.93,956,76.9,92
Madrid,Madrid,urban,2023,1,2023-01,low,8763,20.2,20.9,187.55,3.36,1431,37.1,78
Madrid,Madrid,urban,2023,2,2023-02,low,9680,25.2,24.6,187.59,3.36,1550,54.5,78
Madrid,Madrid,urban,2023,3,2023-03,shoulder,14957,42.2,39.1,54.87,3.86,2479,60.1,78
Madrid,Madrid,urban,2023,4,2023-04,shoulder,15476,38.0,35.1,256.23,3.1,1883,68.4,78
Madrid,Madrid,urban,2023,5,2023-05,shoulder,15716,40.5,41.9,236.19,3.38,1723,78.8,78
Madrid,Madrid,urban,2023,6,2023-06,high,22865,61.4,58.7,214.05,4.5,3321,58.8,78
Madrid,Madrid,urban,2023,7,2023-07,peak,28294,80.6,78.4,166.29,3.33,4229,67.0,78
Madrid,Madrid,urban,2023,8,2023-08,peak,31424,67.9,68.6,120.27,3.17,2945,76.1,78
Madrid,Madrid,urban,2023,9,2023-09,high,25465,65.4,56.9,118.18,3.39,2682,61.7,78
Madrid,Madrid,urban,2023,10,2023-10,shoulder,16651,42.6,43.0,178.61,2.88,2202,77.4,78
Madrid,Madrid,urban,2023,11,2023-11,low,9156,25.3,24.9,244.44,4.04,839,68.2,78
Madrid,Madrid,urban,2023,12,2023-12,low,9531,23.8,21.5,186.22,4.23,1618,47.6,78
Madrid,Madrid,urban,2024,1,2024-01,low,8544,20.8,19.3,125.59,3.95,1483,75.8,78
Madrid,Madrid,urban,2024,2,2024-02,low,9056,25.4,26.6,175.76,3.88,1158,68.3,78
Madrid,Madrid,urban,2024,3,2024-03,shoulder,18170,37.7,36.5,81.28,4.73,2611,52.5,78
Madrid,Madrid,urban,2024,4,2024-04,shoulder,14476,41.3,38.8,100.14,3.16,1585,63.3,78
Madrid,Madrid,urban,2024,5,2024-05,shoulder,18042,44.8,40.7,177.78,3.23,3242,63.5,78
Madrid,Madrid,urban,2024,6,2024-06,high,21595,68.6,70.6,210.87,3.54,3131,64.4,78
Madrid,Madrid,urban,2024,7,2024-07,peak,27955,69.1,67.8,156.76,3.88,2790,54.8,78
Madrid,Madrid,urban,2024,8,2024-08,peak,26271,67.3,68.6,105.73,3.0,4207,49.9,78
Madrid,Madrid,urban,2024,9,2024-09,high,25570,67.5,57.9,237.49,3.88,3830,48.8,78
Madrid,Madrid,urban,2024,10,2024-10,shoulder,14919,41.9,36.9,135.96,4.34,2133,40.2,78
Madrid,Madrid,urban,2024,11,2024-11,low,8284,21.5,18.5,110.41,4.12,1474,45.5,78
Madrid,Madrid,urban,2024,12,2024-12,low,7960,25.1,22.2,146.86,3.07,774,45.2,78
Madrid,Madrid,urban,2025,1,2025-01,low,8854,24.5,25.4,192.2,3.72,1215,53.9,78
Madrid,Madrid,urban,2025,2,2025-02,low,9110,24.0,22.8,193.21,3.67,1585,62.2,78
Madrid,Madrid,urban,2025,3,2025-03,shoulder,16293,37.7,35.3,225.7,3.83,1756,62.0,78
Madrid,Madrid,urban,2025,4,2025-04,shoulder,16925,40.9,37.3,78.02,3.47,1722,52.5,78
Madrid,Madrid,urban,2025,5,2025-05,shoulder,16074,41.6,41.2,191.53,4.24,2206,54.6,78
Madrid,Madrid,urban,2025,6,2025-06,high,24720,58.0,56.5,121.68,3.66,3335,89.2,78
Madrid,Madrid,urban,2025,7,2025-07,peak,29901,80.7,77.0,172.57,3.84,5146,48.6,78
Madrid,Madrid,urban,2025,8,2025-08,peak,28482,82.6,74.9,192.42,4.07,4676,63.4,78
Madrid,Madrid,urban,2025,9,2025-09,high,21976,57.9,59.2,81.87,3.07,1790,74.4,78
Madrid,Madrid,urban,2025,10,2025-10,shoulder,15032,42.9,45.0,149.74,3.2,1751,63.2,78
Madrid,Madrid,urban,2025,11,2025-11,low,8537,23.9,20.4,179.89,3.18,1014,67.5,78
Madrid,Madrid,urban,2025,12,2025-12,low,8996,20.8,20.0,251.61,3.52,1472,47.3,78
Madrid,Madrid,urban,2026,1,2026-01,low,9995,20.7,20.7,243.46,4.36,1191,61.1,78
Madrid,Madrid,urban,2026,2,2026-02,low,8877,20.8,18.6,196.44,3.42,1515,65.6,78
Madrid,Madrid,urban,2026,3,2026-03,shoulder,16356,42.8,43.6,96.15,2.84,1446,61.0,78
Madrid,Madrid,urban,2026,4,2026-04,shoulder,16982,43.7,41.8,127.94,3.74,1457,66.0,78
Mallorca,Islas Baleares,island,2023,1,2023-01,low,11288,27.5,26.6,164.74,4.61,1472,45.6,88
Mallorca,Islas Baleares,island,2023,2,2023-02,low,10902,25.7,26.6,176.09,3.59,986,58.6,88
Mallorca,Islas Baleares,island,2023,3,2023-03,shoulder,19174,45.2,42.5,148.13,4.1,1581,60.3,88
Mallorca,Islas Baleares,island,2023,4,2023-04,shoulder,21274,41.2,43.1,188.61,3.9,3197,74.0,88
Mallorca,Islas Baleares,island,2023,5,2023-05,shoulder,20671,50.4,50.7,123.95,3.95,3143,45.1,88
Mallorca,Islas Baleares,island,2023,6,2023-06,high,27430,72.7,75.9,190.8,3.33,3711,43.3,88
Mallorca,Islas Baleares,island,2023,7,2023-07,peak,35867,90.9,86.2,159.14,3.14,3016,67.8,88
Mallorca,Islas Baleares,island,2023,8,2023-08,peak,37470,96.3,92.6,240.7,4.01,5971,50.4,88
Mallorca,Islas Baleares,island,2023,9,2023-09,high,33311,74.3,64.8,205.33,3.98,3906,60.8,88
Mallorca,Islas Baleares,island,2023,10,2023-10,shoulder,21847,50.5,43.4,213.77,3.48,3363,50.6,88
Mallorca,Islas Baleares,island,2023,11,2023-11,low,11668,28.1,24.1,149.72,3.81,1533,51.6,88
Mallorca,Islas Baleares,island,2023,12,2023-12,low,12412,26.9,27.4,256.86,3.38,2051,53.1,88
Mallorca,Islas Baleares,island,2024,1,2024-01,low,11582,25.1,21.7,126.01,3.69,1953,64.3,88
Mallorca,Islas Baleares,island,2024,2,2024-02,low,11928,27.8,24.4,163.29,4.62,1307,65.4,88
Mallorca,Islas Baleares,island,2024,3,2024-03,shoulder,23265,49.6,47.1,160.73,3.11,2774,55.9,88
Mallorca,Islas Baleares,island,2024,4,2024-04,shoulder,20111,42.0,41.0,137.75,4.03,1644,72.6,88
Mallorca,Islas Baleares,island,2024,5,2024-05,shoulder,20386,52.7,54.3,163.04,3.79,2733,37.5,88
Mallorca,Islas Baleares,island,2024,6,2024-06,high,28963,75.8,74.4,217.19,3.59,4467,49.4,88
Mallorca,Islas Baleares,island,2024,7,2024-07,peak,35442,81.9,78.8,197.99,3.94,5934,62.7,88
Mallorca,Islas Baleares,island,2024,8,2024-08,peak,40362,84.4,85.5,154.45,4.05,7243,52.0,88
Mallorca,Islas Baleares,island,2024,9,2024-09,high,32316,63.1,65.7,157.45,4.12,2914,61.8,88
Mallorca,Islas Baleares,island,2024,10,2024-10,shoulder,20449,41.6,37.4,141.91,2.9,1846,46.4,88
Mallorca,Islas Baleares,island,2024,11,2024-11,low,11214,25.8,24.0,129.98,4.25,954,70.6,88
Mallorca,Islas Baleares,island,2024,12,2024-12,low,11875,23.8,20.2,210.59,4.02,1418,66.4,88
Mallorca,Islas Baleares,island,2025,1,2025-01,low,12323,22.4,21.0,104.39,3.72,1589,53.8,88
Mallorca,Islas Baleares,island,2025,2,2025-02,low,12264,24.2,23.8,107.6,4.25,1278,75.5,88
Mallorca,Islas Baleares,island,2025,3,2025-03,shoulder,19939,52.4,46.1,201.0,3.34,2513,64.6,88
Mallorca,Islas Baleares,island,2025,4,2025-04,shoulder,18978,52.3,45.6,218.25,3.86,1875,31.0,88
Mallorca,Islas Baleares,island,2025,5,2025-05,shoulder,19494,48.0,49.0,184.24,3.39,3215,79.6,88
Mallorca,Islas Baleares,island,2025,6,2025-06,high,27783,73.4,69.1,165.11,3.44,2929,82.6,88
Mallorca,Islas Baleares,island,2025,7,2025-07,peak,42183,82.8,80.3,210.21,3.43,4717,73.0,88
Mallorca,Islas Baleares,island,2025,8,2025-08,peak,37008,81.8,69.8,93.82,4.05,3071,51.3,88
Mallorca,Islas Baleares,island,2025,9,2025-09,high,31864,72.3,70.0,191.75,4.49,3559,58.1,88
Mallorca,Islas Baleares,island,2025,10,2025-10,shoulder,19006,49.5,42.1,116.92,3.96,2484,57.0,88
Mallorca,Islas Baleares,island,2025,11,2025-11,low,12677,26.3,25.2,181.61,3.8,2151,45.0,88
Mallorca,Islas Baleares,island,2025,12,2025-12,low,10719,22.8,23.2,198.28,3.3,1173,56.5,88
Mallorca,Islas Baleares,island,2026,1,2026-01,low,11596,24.0,23.0,138.9,4.21,1221,62.1,88
Mallorca,Islas Baleares,island,2026,2,2026-02,low,11819,27.2,25.4,119.73,4.24,1841,60.6,88
Mallorca,Islas Baleares,island,2026,3,2026-03,shoulder,18351,50.8,52.2,149.32,3.9,2216,53.2,88
Mallorca,Islas Baleares,island,2026,4,2026-04,shoulder,21694,42.9,43.9,248.55,3.34,2122,61.8,88
Tenerife,Islas Canarias,island,2023,1,2023-01,low,9236,23.8,22.7,178.4,3.06,1550,72.6,82
Tenerife,Islas Canarias,island,2023,2,2023-02,low,10472,25.7,26.3,158.95,4.42,947,47.3,82
Tenerife,Islas Canarias,island,2023,3,2023-03,shoulder,16443,40.6,37.6,267.13,4.53,1353,79.0,82
Tenerife,Islas Canarias,island,2023,4,2023-04,shoulder,19882,42.8,39.9,217.24,3.95,2800,69.6,82
Tenerife,Islas Canarias,island,2023,5,2023-05,shoulder,20090,43.6,38.2,190.12,4.16,2365,62.0,82
Tenerife,Islas Canarias,island,2023,6,2023-06,high,27630,61.3,61.4,108.64,4.07,2883,59.0,82
Tenerife,Islas Canarias,island,2023,7,2023-07,peak,31311,73.8,66.6,149.24,3.26,4139,61.3,82
Tenerife,Islas Canarias,island,2023,8,2023-08,peak,32926,89.4,80.5,84.2,3.83,4265,55.3,82
Tenerife,Islas Canarias,island,2023,9,2023-09,high,28139,70.1,73.0,124.32,3.89,5021,44.9,82
Tenerife,Islas Canarias,island,2023,10,2023-10,shoulder,16608,41.8,40.7,96.25,3.63,1489,51.3,82
Tenerife,Islas Canarias,island,2023,11,2023-11,low,9124,22.5,22.4,144.92,3.68,1507,63.7,82
Tenerife,Islas Canarias,island,2023,12,2023-12,low,9615,23.4,24.3,252.13,3.84,1511,82.7,82
Tenerife,Islas Canarias,island,2024,1,2024-01,low,10865,21.5,20.1,141.34,3.83,1788,64.7,82
Tenerife,Islas Canarias,island,2024,2,2024-02,low,9315,25.3,24.2,131.34,4.26,1559,74.4,82
Tenerife,Islas Canarias,island,2024,3,2024-03,shoulder,17076,40.2,38.3,149.88,3.45,2882,80.6,82
Tenerife,Islas Canarias,island,2024,4,2024-04,shoulder,18320,44.4,46.2,177.22,3.71,1706,72.0,82
Tenerife,Islas Canarias,island,2024,5,2024-05,shoulder,20168,40.2,34.4,172.77,4.04,2032,68.4,82
Tenerife,Islas Canarias,island,2024,6,2024-06,high,29105,61.0,58.4,190.63,4.0,3681,62.0,82
Tenerife,Islas Canarias,island,2024,7,2024-07,peak,36951,86.5,89.4,198.32,2.34,4688,44.1,82
Tenerife,Islas Canarias,island,2024,8,2024-08,peak,29501,76.7,77.4,176.84,3.61,4197,77.4,82
Tenerife,Islas Canarias,island,2024,9,2024-09,high,29149,62.9,57.0,112.31,3.76,2338,49.1,82
Tenerife,Islas Canarias,island,2024,10,2024-10,shoulder,18007,39.8,41.2,187.5,3.69,2579,46.0,82
Tenerife,Islas Canarias,island,2024,11,2024-11,low,10460,23.7,24.7,197.95,3.64,1464,39.6,82
Tenerife,Islas Canarias,island,2024,12,2024-12,low,9153,25.1,25.8,110.44,3.95,769,54.4,82
Tenerife,Islas Canarias,island,2025,1,2025-01,low,10302,22.8,21.2,239.19,4.39,1201,62.2,82
Tenerife,Islas Canarias,island,2025,2,2025-02,low,10445,24.0,22.1,174.13,3.85,1273,53.0,82
Tenerife,Islas Canarias,island,2025,3,2025-03,shoulder,17928,39.8,39.1,159.18,3.94,2630,62.5,82
Tenerife,Islas Canarias,island,2025,4,2025-04,shoulder,17432,40.6,39.9,127.45,3.6,2894,58.6,82
Tenerife,Islas Canarias,island,2025,5,2025-05,shoulder,17208,39.9,35.5,191.9,4.05,2537,65.4,82
Tenerife,Islas Canarias,island,2025,6,2025-06,high,27737,71.4,65.3,176.71,2.93,2926,72.3,82
Tenerife,Islas Canarias,island,2025,7,2025-07,peak,32276,83.8,81.4,176.87,3.99,3873,51.3,82
Tenerife,Islas Canarias,island,2025,8,2025-08,peak,36533,87.2,85.2,210.01,3.42,4912,48.9,82
Tenerife,Islas Canarias,island,2025,9,2025-09,high,24834,70.7,70.7,197.65,4.02,4081,55.6,82
Tenerife,Islas Canarias,island,2025,10,2025-10,shoulder,19336,43.8,39.7,184.03,3.25,2011,59.4,82
Tenerife,Islas Canarias,island,2025,11,2025-11,low,10126,23.4,20.7,230.54,4.38,1636,57.3,82
Tenerife,Islas Canarias,island,2025,12,2025-12,low,9531,25.8,22.5,167.61,4.38,894,55.2,82
Tenerife,Islas Canarias,island,2026,1,2026-01,low,11109,22.1,22.9,309.94,3.89,1358,75.2,82
Tenerife,Islas Canarias,island,2026,2,2026-02,low,8897,21.8,21.4,182.16,3.97,952,41.2,82
Tenerife,Islas Canarias,island,2026,3,2026-03,shoulder,19641,40.3,39.8,177.33,3.69,2655,60.2,82
Tenerife,Islas Canarias,island,2026,4,2026-04,shoulder,20338,49.6,51.9,200.35,3.77,1820,72.9,82
Sevilla,Andalucía,urban,2023,1,2023-01,low,5000,18.4,18.7,204.55,4.01,576,48.5,71
Sevilla,Andalucía,urban,2023,2,2023-02,low,4990,19.8,20.4,119.13,4.39,799,59.2,71
Sevilla,Andalucía,urban,2023,3,2023-03,shoulder,10185,34.1,29.4,126.68,3.66,1358,58.0,71
Sevilla,Andalucía,urban,2023,4,2023-04,shoulder,9193,40.8,36.0,253.89,3.73,1335,55.1,71
Sevilla,Andalucía,urban,2023,5,2023-05,shoulder,10144,41.2,38.3,235.93,3.69,1642,73.5,71
Sevilla,Andalucía,urban,2023,6,2023-06,high,12789,59.0,54.5,251.47,3.76,1982,34.0,71
Sevilla,Andalucía,urban,2023,7,2023-07,peak,15786,73.7,65.2,154.53,4.08,1398,70.4,71
Sevilla,Andalucía,urban,2023,8,2023-08,peak,16561,77.9,72.4,204.41,3.91,2407,58.0,71
Sevilla,Andalucía,urban,2023,9,2023-09,high,15130,60.7,55.1,155.5,3.23,1544,39.9,71
Sevilla,Andalucía,urban,2023,10,2023-10,shoulder,9485,38.6,33.2,153.27,4.78,1432,44.2,71
Sevilla,Andalucía,urban,2023,11,2023-11,low,5075,19.5,18.8,98.49,3.4,790,59.8,71
Sevilla,Andalucía,urban,2023,12,2023-12,low,4812,20.9,18.0,135.36,3.27,656,57.9,71
Sevilla,Andalucía,urban,2024,1,2024-01,low,4740,22.9,21.6,165.75,3.95,460,70.1,71
Sevilla,Andalucía,urban,2024,2,2024-02,low,5624,18.4,18.2,115.64,4.57,779,75.8,71
Sevilla,Andalucía,urban,2024,3,2024-03,shoulder,8438,35.2,36.0,167.53,3.61,823,49.9,71
Sevilla,Andalucía,urban,2024,4,2024-04,shoulder,9024,33.7,30.1,213.12,4.71,960,55.8,71
Sevilla,Andalucía,urban,2024,5,2024-05,shoulder,10299,34.2,29.9,68.54,3.25,942,73.9,71
Sevilla,Andalucía,urban,2024,6,2024-06,high,14408,59.9,55.7,130.72,3.96,2588,66.7,71
Sevilla,Andalucía,urban,2024,7,2024-07,peak,18802,70.6,67.0,120.49,4.03,1824,59.0,71
Sevilla,Andalucía,urban,2024,8,2024-08,peak,16557,70.7,61.6,200.74,3.81,1856,73.3,71
Sevilla,Andalucía,urban,2024,9,2024-09,high,13871,53.4,55.3,175.38,3.59,1708,36.3,71
Sevilla,Andalucía,urban,2024,10,2024-10,shoulder,9093,36.4,35.7,135.51,4.19,1243,49.3,71
Sevilla,Andalucía,urban,2024,11,2024-11,low,4873,19.9,19.8,150.02,3.78,435,59.2,71
Sevilla,Andalucía,urban,2024,12,2024-12,low,4743,21.1,21.9,133.71,3.78,501,65.8,71
Sevilla,Andalucía,urban,2025,1,2025-01,low,5298,18.4,17.8,189.44,4.38,631,58.3,71
Sevilla,Andalucía,urban,2025,2,2025-02,low,4528,21.7,22.2,227.26,3.95,374,33.8,71
Sevilla,Andalucía,urban,2025,3,2025-03,shoulder,9259,33.2,30.7,171.18,3.9,1046,67.9,71
Sevilla,Andalucía,urban,2025,4,2025-04,shoulder,8821,34.8,36.3,184.12,3.64,1143,39.1,71
Sevilla,Andalucía,urban,2025,5,2025-05,shoulder,10133,35.0,35.5,76.17,3.41,1700,67.0,71
Sevilla,Andalucía,urban,2025,6,2025-06,high,13789,62.2,58.1,44.2,3.4,1689,43.8,71
Sevilla,Andalucía,urban,2025,7,2025-07,peak,18175,75.2,64.3,256.88,3.96,2006,62.5,71
Sevilla,Andalucía,urban,2025,8,2025-08,peak,16827,72.6,70.7,171.22,3.5,2470,60.7,71
Sevilla,Andalucía,urban,2025,9,2025-09,high,13455,55.7,51.2,206.45,3.16,1264,45.1,71
Sevilla,Andalucía,urban,2025,10,2025-10,shoulder,10338,37.1,36.4,193.84,3.96,1834,90.5,71
Sevilla,Andalucía,urban,2025,11,2025-11,low,5256,20.4,21.4,147.97,3.97,439,85.7,71
Sevilla,Andalucía,urban,2025,12,2025-12,low,4530,21.9,22.7,160.59,4.17,771,42.5,71
Sevilla,Andalucía,urban,2026,1,2026-01,low,4625,18.4,19.0,154.9,4.57,442,53.1,71
Sevilla,Andalucía,urban,2026,2,2026-02,low,4966,20.5,18.2,211.98,4.17,878,62.5,71
Sevilla,Andalucía,urban,2026,3,2026-03,shoulder,10376,34.1,35.7,102.42,4.3,1564,62.9,71
Sevilla,Andalucía,urban,2026,4,2026-04,shoulder,10329,34.4,35.5,180.42,3.95,1389,75.7,71
Valencia,Comunidad Valenciana,urban,2023,1,2023-01,low,5899,18.9,17.6,90.13,3.67,699,73.0,65
Valencia,Comunidad Valenciana,urban,2023,2,2023-02,low,5052,20.4,17.5,236.78,3.43,874,63.5,65
Valencia,Comunidad Valenciana,urban,2023,3,2023-03,shoulder,9580,39.1,40.9,195.83,4.04,1260,72.2,65
Valencia,Comunidad Valenciana,urban,2023,4,2023-04,shoulder,9193,31.8,32.8,201.23,3.6,914,65.8,65
Valencia,Comunidad Valenciana,urban,2023,5,2023-05,shoulder,10620,32.2,33.5,98.49,3.63,1505,74.4,65
Valencia,Comunidad Valenciana,urban,2023,6,2023-06,high,13521,47.1,47.3,170.96,4.2,2360,55.5,65
Valencia,Comunidad Valenciana,urban,2023,7,2023-07,peak,17316,60.5,54.2,207.13,3.87,2550,65.9,65
Valencia,Comunidad Valenciana,urban,2023,8,2023-08,peak,17253,70.5,67.2,95.42,3.43,1565,57.0,65
Valencia,Comunidad Valenciana,urban,2023,9,2023-09,high,14766,57.1,49.3,139.51,3.3,1887,41.3,65
Valencia,Comunidad Valenciana,urban,2023,10,2023-10,shoulder,9635,36.1,37.1,238.55,3.92,1716,50.9,65
Valencia,Comunidad Valenciana,urban,2023,11,2023-11,low,5029,20.6,20.1,236.31,3.76,795,85.6,65
Valencia,Comunidad Valenciana,urban,2023,12,2023-12,low,5799,18.3,16.9,136.79,3.94,853,63.5,65
Valencia,Comunidad Valenciana,urban,2024,1,2024-01,low,6044,19.0,19.0,104.88,3.29,761,59.3,65
Valencia,Comunidad Valenciana,urban,2024,2,2024-02,low,5216,19.6,17.1,162.3,2.9,883,40.5,65
Valencia,Comunidad Valenciana,urban,2024,3,2024-03,shoulder,9453,32.2,32.2,174.89,3.98,1256,67.3,65
Valencia,Comunidad Valenciana,urban,2024,4,2024-04,shoulder,9505,33.6,30.6,177.81,3.25,900,57.7,65
Valencia,Comunidad Valenciana,urban,2024,5,2024-05,shoulder,10432,36.7,36.7,184.35,3.66,1336,66.5,65
Valencia,Comunidad Valenciana,urban,2024,6,2024-06,high,14808,54.9,51.8,184.69,3.55,1718,64.0,65
Valencia,Comunidad Valenciana,urban,2024,7,2024-07,peak,17577,67.5,63.3,172.77,4.6,1885,68.7,65
Valencia,Comunidad Valenciana,urban,2024,8,2024-08,peak,18154,59.1,57.8,229.27,3.88,3140,34.8,65
Valencia,Comunidad Valenciana,urban,2024,9,2024-09,high,16789,52.2,49.2,150.42,3.71,2868,72.4,65
Valencia,Comunidad Valenciana,urban,2024,10,2024-10,shoulder,9110,34.7,33.3,183.74,4.05,1099,44.0,65
Valencia,Comunidad Valenciana,urban,2024,11,2024-11,low,5094,17.7,18.1,127.45,4.1,839,54.9,65
Valencia,Comunidad Valenciana,urban,2024,12,2024-12,low,5372,18.5,17.0,158.94,3.76,755,48.4,65
Valencia,Comunidad Valenciana,urban,2025,1,2025-01,low,5348,17.4,16.2,143.27,3.17,458,41.5,65
Valencia,Comunidad Valenciana,urban,2025,2,2025-02,low,5867,17.5,18.1,163.07,4.11,945,59.7,65
Valencia,Comunidad Valenciana,urban,2025,3,2025-03,shoulder,10748,37.7,34.0,116.86,3.42,1156,66.8,65
Valencia,Comunidad Valenciana,urban,2025,4,2025-04,shoulder,10141,32.6,33.2,169.1,3.71,1594,42.9,65
Valencia,Comunidad Valenciana,urban,2025,5,2025-05,shoulder,9082,35.5,33.9,223.71,2.91,761,64.6,65
Valencia,Comunidad Valenciana,urban,2025,6,2025-06,high,13515,49.3,43.9,212.5,3.15,1583,52.5,65
Valencia,Comunidad Valenciana,urban,2025,7,2025-07,peak,18650,69.3,64.6,186.85,3.73,2779,61.9,65
Valencia,Comunidad Valenciana,urban,2025,8,2025-08,peak,20647,59.2,55.9,221.13,3.37,3209,40.9,65
Valencia,Comunidad Valenciana,urban,2025,9,2025-09,high,13862,50.2,50.8,159.8,4.0,2212,61.5,65
Valencia,Comunidad Valenciana,urban,2025,10,2025-10,shoulder,9749,32.7,29.2,193.85,3.83,1700,36.7,65
Valencia,Comunidad Valenciana,urban,2025,11,2025-11,low,5486,16.7,14.9,204.29,4.03,789,60.3,65
Valencia,Comunidad Valenciana,urban,2025,12,2025-12,low,6096,20.7,18.9,218.63,4.44,518,48.0,65
Valencia,Comunidad Valenciana,urban,2026,1,2026-01,low,5973,17.2,16.1,89.53,3.91,1038,58.1,65
Valencia,Comunidad Valenciana,urban,2026,2,2026-02,low,5659,20.2,17.7,148.76,4.0,876,40.1,65
Valencia,Comunidad Valenciana,urban,2026,3,2026-03,shoulder,10315,34.9,36.0,138.17,4.27,1232,73.3,65
Valencia,Comunidad Valenciana,urban,2026,4,2026-04,shoulder,10893,36.4,38.0,187.33,3.71,1076,67.0,65
Costa Brava,Cataluña,coastal,2023,1,2023-01,low,5610,12.0,10.4,235.03,3.76,714,60.7,85
Costa Brava,Cataluña,coastal,2023,2,2023-02,low,5479,11.7,12.1,102.0,3.52,648,63.4,85
Costa Brava,Cataluña,coastal,2023,3,2023-03,shoulder,19626,43.7,37.3,143.59,4.2,2862,40.0,85
Costa Brava,Cataluña,coastal,2023,4,2023-04,shoulder,19368,46.3,47.4,208.74,4.29,1656,61.0,85
Costa Brava,Cataluña,coastal,2023,5,2023-05,shoulder,17972,50.8,52.0,170.81,3.59,2785,51.6,85
Costa Brava,Cataluña,coastal,2023,6,2023-06,high,24981,66.8,57.2,95.34,3.61,2612,44.5,85
Costa Brava,Cataluña,coastal,2023,7,2023-07,peak,35200,85.8,80.6,268.96,2.87,4687,61.1,85
Costa Brava,Cataluña,coastal,2023,8,2023-08,peak,31110,91.1,80.0,208.78,3.57,3576,45.8,85
Costa Brava,Cataluña,coastal,2023,9,2023-09,high,29401,73.5,63.8,114.38,3.59,2849,41.2,85
Costa Brava,Cataluña,coastal,2023,10,2023-10,shoulder,16534,51.3,49.6,133.36,4.25,1541,58.9,85
Costa Brava,Cataluña,coastal,2023,11,2023-11,low,5184,13.6,12.8,109.44,3.79,685,69.0,85
Costa Brava,Cataluña,coastal,2023,12,2023-12,low,4987,11.4,10.2,159.68,3.47,528,64.1,85
Costa Brava,Cataluña,coastal,2024,1,2024-01,low,4821,13.0,11.9,193.18,3.49,423,68.7,85
Costa Brava,Cataluña,coastal,2024,2,2024-02,low,5254,13.7,13.2,230.63,3.54,719,78.5,85
Costa Brava,Cataluña,coastal,2024,3,2024-03,shoulder,18919,47.0,46.4,141.13,3.83,2825,45.3,85
Costa Brava,Cataluña,coastal,2024,4,2024-04,shoulder,18195,44.5,44.5,134.44,3.31,1860,52.6,85
Costa Brava,Cataluña,coastal,2024,5,2024-05,shoulder,19583,45.3,42.9,192.37,4.48,2780,60.5,85
Costa Brava,Cataluña,coastal,2024,6,2024-06,high,27465,70.3,72.8,62.02,4.12,3613,66.3,85
Costa Brava,Cataluña,coastal,2024,7,2024-07,peak,33256,92.7,80.6,226.64,3.16,3262,57.9,85
Costa Brava,Cataluña,coastal,2024,8,2024-08,peak,32963,88.6,78.0,162.6,3.06,2743,51.2,85
Costa Brava,Cataluña,coastal,2024,9,2024-09,high,24668,68.5,68.6,158.67,3.98,3556,34.9,85
Costa Brava,Cataluña,coastal,2024,10,2024-10,shoulder,20226,45.6,40.8,85.08,3.82,3336,61.3,85
Costa Brava,Cataluña,coastal,2024,11,2024-11,low,4725,11.7,11.2,222.69,3.62,847,54.9,85
Costa Brava,Cataluña,coastal,2024,12,2024-12,low,5460,13.8,12.6,136.26,4.29,725,68.3,85
Costa Brava,Cataluña,coastal,2025,1,2025-01,low,5612,14.0,12.8,180.95,3.71,897,63.0,85
Costa Brava,Cataluña,coastal,2025,2,2025-02,low,5099,12.4,11.4,248.71,3.89,616,51.0,85
Costa Brava,Cataluña,coastal,2025,3,2025-03,shoulder,16782,41.9,42.0,81.03,3.2,2091,44.6,85
Costa Brava,Cataluña,coastal,2025,4,2025-04,shoulder,16312,43.4,37.5,163.93,3.54,2374,63.7,85
Costa Brava,Cataluña,coastal,2025,5,2025-05,shoulder,18792,40.0,37.5,111.59,4.22,1795,45.0,85
Costa Brava,Cataluña,coastal,2025,6,2025-06,high,24053,71.4,73.6,168.24,3.92,1950,53.6,85
Costa Brava,Cataluña,coastal,2025,7,2025-07,peak,30696,76.6,79.7,121.25,3.58,4680,36.1,85
Costa Brava,Cataluña,coastal,2025,8,2025-08,peak,31904,82.4,75.8,212.78,4.37,3268,52.5,85
Costa Brava,Cataluña,coastal,2025,9,2025-09,high,23710,65.3,66.1,187.73,3.91,3344,64.5,85
Costa Brava,Cataluña,coastal,2025,10,2025-10,shoulder,16674,45.3,40.5,165.5,3.35,1743,39.4,85
Costa Brava,Cataluña,coastal,2025,11,2025-11,low,4922,11.4,11.8,229.3,3.37,849,56.4,85
Costa Brava,Cataluña,coastal,2025,12,2025-12,low,5539,13.9,14.3,155.8,3.81,865,48.6,85
Costa Brava,Cataluña,coastal,2026,1,2026-01,low,5087,11.1,10.3,32.87,2.63,719,70.3,85
Costa Brava,Cataluña,coastal,2026,2,2026-02,low,4608,13.2,12.5,86.57,3.36,704,57.3,85
Costa Brava,Cataluña,coastal,2026,3,2026-03,shoulder,17600,51.1,45.7,213.14,3.39,2057,53.2,85
Costa Brava,Cataluña,coastal,2026,4,2026-04,shoulder,20388,48.3,49.3,176.62,3.26,3383,49.9,85
Costa del Sol,Andalucía,coastal,2023,1,2023-01,low,5249,13.0,11.4,73.34,3.84,783,36.4,80
Costa del Sol,Andalucía,coastal,2023,2,2023-02,low,5317,11.2,10.2,178.74,3.45,678,36.7,80
Costa del Sol,Andalucía,coastal,2023,3,2023-03,shoulder,20268,43.1,42.3,119.41,3.39,2526,51.0,80
Costa del Sol,Andalucía,coastal,2023,4,2023-04,shoulder,20445,42.8,36.8,141.48,3.69,1947,60.9,80
Costa del Sol,Andalucía,coastal,2023,5,2023-05,shoulder,17097,42.3,36.2,161.63,4.12,2260,78.4,80
Costa del Sol,Andalucía,coastal,2023,6,2023-06,high,26397,64.8,61.0,250.3,3.04,2148,60.0,80
Costa del Sol,Andalucía,coastal,2023,7,2023-07,peak,36562,75.6,72.0,162.42,3.7,5094,48.8,80
Costa del Sol,Andalucía,coastal,2023,8,2023-08,peak,33385,70.0,67.9,187.0,3.96,5817,59.1,80
Costa del Sol,Andalucía,coastal,2023,9,2023-09,high,25816,67.0,57.5,280.41,3.76,4464,50.0,80
Costa del Sol,Andalucía,coastal,2023,10,2023-10,shoulder,18926,39.0,36.7,171.64,3.24,3383,72.3,80
Costa del Sol,Andalucía,coastal,2023,11,2023-11,low,4888,11.6,12.1,175.6,4.51,623,59.9,80
Costa del Sol,Andalucía,coastal,2023,12,2023-12,low,5109,10.5,10.9,176.77,4.03,883,59.6,80
Costa del Sol,Andalucía,coastal,2024,1,2024-01,low,5109,12.8,11.9,53.48,3.21,551,52.3,80
Costa del Sol,Andalucía,coastal,2024,2,2024-02,low,5687,10.8,10.0,181.44,4.06,472,52.4,80
Costa del Sol,Andalucía,coastal,2024,3,2024-03,shoulder,17283,44.8,44.5,207.18,3.92,1996,48.8,80
Costa del Sol,Andalucía,coastal,2024,4,2024-04,shoulder,18092,46.8,43.0,180.9,4.06,1834,67.2,80
Costa del Sol,Andalucía,coastal,2024,5,2024-05,shoulder,18691,38.8,39.2,178.61,4.94,2891,52.1,80
Costa del Sol,Andalucía,coastal,2024,6,2024-06,high,27918,65.8,58.0,257.24,3.36,5005,62.6,80
Costa del Sol,Andalucía,coastal,2024,7,2024-07,peak,34299,71.6,64.6,201.09,4.19,2792,53.9,80
Costa del Sol,Andalucía,coastal,2024,8,2024-08,peak,30828,72.8,64.7,149.05,3.7,2567,57.6,80
Costa del Sol,Andalucía,coastal,2024,9,2024-09,high,26472,59.8,53.3,194.32,3.43,2355,59.9,80
Costa del Sol,Andalucía,coastal,2024,10,2024-10,shoulder,20919,47.6,47.8,146.43,3.76,2786,60.3,80
Costa del Sol,Andalucía,coastal,2024,11,2024-11,low,5525,12.9,11.7,213.05,4.13,865,48.3,80
Costa del Sol,Andalucía,coastal,2024,12,2024-12,low,4607,13.2,11.3,142.44,3.9,411,54.6,80
Costa del Sol,Andalucía,coastal,2025,1,2025-01,low,5470,12.0,11.2,186.04,3.38,491,64.0,80
Costa del Sol,Andalucía,coastal,2025,2,2025-02,low,5040,11.0,10.0,179.03,4.0,617,60.6,80
Costa del Sol,Andalucía,coastal,2025,3,2025-03,shoulder,18382,41.0,39.0,179.27,3.82,2238,60.3,80
Costa del Sol,Andalucía,coastal,2025,4,2025-04,shoulder,18050,43.6,45.5,180.7,3.97,2931,53.5,80
Costa del Sol,Andalucía,coastal,2025,5,2025-05,shoulder,20815,46.6,47.3,215.96,3.66,2761,73.1,80
Costa del Sol,Andalucía,coastal,2025,6,2025-06,high,25676,69.3,59.7,142.18,4.88,3501,46.7,80
Costa del Sol,Andalucía,coastal,2025,7,2025-07,peak,36607,69.4,60.6,210.55,3.85,3875,45.1,80
Costa del Sol,Andalucía,coastal,2025,8,2025-08,peak,37251,71.7,67.3,208.0,3.93,5169,51.7,80
Costa del Sol,Andalucía,coastal,2025,9,2025-09,high,24636,70.4,72.8,205.93,4.03,4120,73.0,80
Costa del Sol,Andalucía,coastal,2025,10,2025-10,shoulder,16981,47.6,44.8,135.99,3.5,1892,54.4,80
Costa del Sol,Andalucía,coastal,2025,11,2025-11,low,4724,12.9,11.1,200.0,3.82,711,53.5,80
Costa del Sol,Andalucía,coastal,2025,12,2025-12,low,4906,12.2,12.5,94.07,3.06,858,56.5,80
Costa del Sol,Andalucía,coastal,2026,1,2026-01,low,4883,11.3,10.4,132.21,4.02,535,58.4,80
Costa del Sol,Andalucía,coastal,2026,2,2026-02,low,4964,10.8,10.0,165.94,3.73,708,51.5,80
Costa del Sol,Andalucía,coastal,2026,3,2026-03,shoulder,19936,41.6,42.9,162.21,4.04,3521,63.3,80
Costa del Sol,Andalucía,coastal,2026,4,2026-04,shoulder,16733,42.1,36.6,236.94,4.12,2989,47.6,80
Granada,Andalucía,cultural,2023,1,2023-01,low,3743,21.7,21.1,177.83,3.54,624,59.0,74
Granada,Andalucía,cultural,2023,2,2023-02,low,3820,23.7,24.2,200.42,3.89,518,61.3,74
Granada,Andalucía,cultural,2023,3,2023-03,shoulder,6348,36.5,31.7,130.64,3.29,954,57.5,74
Granada,Andalucía,cultural,2023,4,2023-04,shoulder,6882,36.6,35.6,136.1,3.68,1219,69.3,74
Granada,Andalucía,cultural,2023,5,2023-05,shoulder,6160,35.0,34.9,170.98,3.17,519,45.6,74
Granada,Andalucía,cultural,2023,6,2023-06,high,9993,57.3,54.7,118.62,2.85,1235,61.0,74
Granada,Andalucía,cultural,2023,7,2023-07,peak,12045,79.5,70.5,179.94,2.85,1058,63.7,74
Granada,Andalucía,cultural,2023,8,2023-08,peak,11167,66.1,56.6,152.37,3.71,1447,44.9,74
Granada,Andalucía,cultural,2023,9,2023-09,high,9195,51.5,45.8,114.17,3.85,1642,51.4,74
Granada,Andalucía,cultural,2023,10,2023-10,shoulder,6469,40.5,37.9,186.38,3.81,1052,62.4,74
Granada,Andalucía,cultural,2023,11,2023-11,low,3842,20.9,18.1,194.27,4.19,333,72.4,74
Granada,Andalucía,cultural,2023,12,2023-12,low,3350,22.9,19.9,138.7,4.17,556,54.3,74
Granada,Andalucía,cultural,2024,1,2024-01,low,3154,23.6,23.8,190.68,2.69,425,81.2,74
Granada,Andalucía,cultural,2024,2,2024-02,low,3530,24.4,23.0,186.49,3.9,575,58.7,74
Granada,Andalucía,cultural,2024,3,2024-03,shoulder,6729,41.6,39.7,277.28,3.68,819,63.0,74
Granada,Andalucía,cultural,2024,4,2024-04,shoulder,6203,37.7,38.6,197.52,3.8,722,75.6,74
Granada,Andalucía,cultural,2024,5,2024-05,shoulder,5903,41.7,35.5,185.63,3.44,612,52.1,74
Granada,Andalucía,cultural,2024,6,2024-06,high,10006,64.9,62.9,212.71,4.13,1548,55.7,74
Granada,Andalucía,cultural,2024,7,2024-07,peak,11370,63.1,56.0,165.33,4.12,2036,76.0,74
Granada,Andalucía,cultural,2024,8,2024-08,peak,11924,73.9,74.8,182.7,4.05,1851,31.8,74
Granada,Andalucía,cultural,2024,9,2024-09,high,9540,54.7,57.2,246.43,4.28,1652,53.8,74
Granada,Andalucía,cultural,2024,10,2024-10,shoulder,6530,39.6,34.2,155.52,4.39,676,67.5,74
Granada,Andalucía,cultural,2024,11,2024-11,low,3211,20.0,19.9,157.05,3.75,288,64.1,74
Granada,Andalucía,cultural,2024,12,2024-12,low,3692,22.4,21.6,210.22,3.77,601,51.8,74
Granada,Andalucía,cultural,2025,1,2025-01,low,3697,24.2,24.2,225.68,3.16,541,34.5,74
Granada,Andalucía,cultural,2025,2,2025-02,low,3242,20.0,17.2,119.67,3.92,415,55.8,74
Granada,Andalucía,cultural,2025,3,2025-03,shoulder,6601,40.5,40.9,186.58,3.62,1003,47.6,74
Granada,Andalucía,cultural,2025,4,2025-04,shoulder,5852,37.4,32.4,148.65,3.66,979,76.9,74
Granada,Andalucía,cultural,2025,5,2025-05,shoulder,6040,42.1,38.6,138.93,4.24,841,65.4,74
Granada,Andalucía,cultural,2025,6,2025-06,high,10237,61.0,53.6,153.29,3.69,1195,71.6,74
Granada,Andalucía,cultural,2025,7,2025-07,peak,11410,80.4,73.7,102.84,3.79,1180,45.8,74
Granada,Andalucía,cultural,2025,8,2025-08,peak,11438,77.2,80.4,95.7,3.42,1041,61.3,74
Granada,Andalucía,cultural,2025,9,2025-09,high,8399,64.0,57.1,128.41,3.83,1110,67.8,74
Granada,Andalucía,cultural,2025,10,2025-10,shoulder,6470,34.9,31.6,211.56,3.62,1132,53.2,74
Granada,Andalucía,cultural,2025,11,2025-11,low,3903,24.1,22.5,219.77,3.64,562,35.9,74
Granada,Andalucía,cultural,2025,12,2025-12,low,3188,20.2,19.3,118.32,3.27,301,48.7,74
Granada,Andalucía,cultural,2026,1,2026-01,low,3245,22.0,19.4,152.12,4.06,462,61.9,74
Granada,Andalucía,cultural,2026,2,2026-02,low,3871,23.5,23.2,183.36,3.81,549,54.6,74
Granada,Andalucía,cultural,2026,3,2026-03,shoulder,7183,40.6,38.6,168.87,3.89,845,59.3,74
Granada,Andalucía,cultural,2026,4,2026-04,shoulder,6374,38.1,34.8,140.94,3.8,1128,48.9,74
San Sebastián,País Vasco,urban,2023,1,2023-01,low,3931,20.2,19.9,146.26,3.75,687,64.6,69
San Sebastián,País Vasco,urban,2023,2,2023-02,low,3668,20.0,20.0,213.56,3.99,520,62.3,69
San Sebastián,País Vasco,urban,2023,3,2023-03,shoulder,7310,36.0,37.8,181.31,3.56,657,59.5,69
San Sebastián,País Vasco,urban,2023,4,2023-04,shoulder,7231,39.4,39.0,92.9,4.37,972,79.4,69
San Sebastián,País Vasco,urban,2023,5,2023-05,shoulder,6486,41.0,36.5,258.22,3.71,1061,57.2,69
San Sebastián,País Vasco,urban,2023,6,2023-06,high,10238,51.5,51.7,196.26,3.58,1280,59.7,69
San Sebastián,País Vasco,urban,2023,7,2023-07,peak,13443,60.8,56.6,97.0,3.45,2303,65.6,69
San Sebastián,País Vasco,urban,2023,8,2023-08,peak,14371,65.7,56.3,169.3,3.67,1806,54.3,69
San Sebastián,País Vasco,urban,2023,9,2023-09,high,10659,50.1,50.8,166.43,4.0,1227,33.0,69
San Sebastián,País Vasco,urban,2023,10,2023-10,shoulder,7600,34.8,35.3,237.21,2.96,758,62.3,69
San Sebastián,País Vasco,urban,2023,11,2023-11,low,4243,22.6,21.1,128.21,4.47,734,63.3,69
San Sebastián,País Vasco,urban,2023,12,2023-12,low,3743,19.1,19.6,238.97,4.71,330,57.1,69
San Sebastián,País Vasco,urban,2024,1,2024-01,low,3910,19.8,17.6,234.34,3.41,394,69.6,69
San Sebastián,País Vasco,urban,2024,2,2024-02,low,4133,20.6,20.5,175.19,3.98,450,61.7,69
San Sebastián,País Vasco,urban,2024,3,2024-03,shoulder,7414,40.3,40.2,204.1,4.66,904,48.1,69
San Sebastián,País Vasco,urban,2024,4,2024-04,shoulder,7863,36.0,36.7,146.45,3.03,712,56.9,69
San Sebastián,País Vasco,urban,2024,5,2024-05,shoulder,6951,34.6,29.9,162.38,3.44,1116,42.0,69
San Sebastián,País Vasco,urban,2024,6,2024-06,high,10293,55.4,53.5,86.23,3.56,1233,57.9,69
San Sebastián,País Vasco,urban,2024,7,2024-07,peak,12882,72.8,74.3,140.06,4.46,1470,60.5,69
San Sebastián,País Vasco,urban,2024,8,2024-08,peak,13226,63.6,57.3,133.93,4.34,1373,59.1,69
San Sebastián,País Vasco,urban,2024,9,2024-09,high,11492,52.2,44.7,226.77,3.8,2053,55.4,69
San Sebastián,País Vasco,urban,2024,10,2024-10,shoulder,7767,38.8,38.5,126.93,4.04,922,75.4,69
San Sebastián,País Vasco,urban,2024,11,2024-11,low,4257,18.8,16.9,281.14,3.59,614,35.2,69
San Sebastián,País Vasco,urban,2024,12,2024-12,low,4227,18.8,18.0,183.69,3.79,757,55.8,69
San Sebastián,País Vasco,urban,2025,1,2025-01,low,4177,19.4,19.6,105.86,3.52,404,59.4,69
San Sebastián,País Vasco,urban,2025,2,2025-02,low,3791,22.2,20.4,203.09,3.79,416,52.4,69
San Sebastián,País Vasco,urban,2025,3,2025-03,shoulder,7064,34.0,29.5,194.72,3.95,1064,63.4,69
San Sebastián,País Vasco,urban,2025,4,2025-04,shoulder,6576,39.5,35.1,103.26,4.2,1040,36.9,69
San Sebastián,País Vasco,urban,2025,5,2025-05,shoulder,6333,34.4,35.3,124.06,3.04,1036,53.6,69
San Sebastián,País Vasco,urban,2025,6,2025-06,high,11295,56.6,58.5,189.43,4.0,1496,68.3,69
San Sebastián,País Vasco,urban,2025,7,2025-07,peak,12395,59.9,61.0,163.31,4.27,1543,23.7,69
San Sebastián,País Vasco,urban,2025,8,2025-08,peak,11916,72.4,66.7,167.96,3.78,1011,56.3,69
San Sebastián,País Vasco,urban,2025,9,2025-09,high,10410,50.5,49.4,121.58,3.86,954,73.5,69
San Sebastián,País Vasco,urban,2025,10,2025-10,shoulder,6647,38.8,36.0,129.89,3.57,890,80.1,69
San Sebastián,País Vasco,urban,2025,11,2025-11,low,3493,21.4,20.9,150.19,3.28,575,53.2,69
San Sebastián,País Vasco,urban,2025,12,2025-12,low,4058,21.6,20.9,132.27,4.78,524,48.0,69
San Sebastián,País Vasco,urban,2026,1,2026-01,low,3652,19.3,16.6,149.84,4.26,359,67.0,69
San Sebastián,País Vasco,urban,2026,2,2026-02,low,3461,17.7,16.6,220.88,3.15,374,65.7,69
San Sebastián,País Vasco,urban,2026,3,2026-03,shoulder,6769,38.7,38.6,97.23,4.15,1188,68.7,69
San Sebastián,País Vasco,urban,2026,4,2026-04,shoulder,6653,40.0,37.7,209.27,3.07,679,69.6,69
Ronda,Andalucía,rural,2023,1,2023-01,low,4919,12.8,12.9,183.68,3.63,576,63.6,42
Ronda,Andalucía,rural,2023,2,2023-02,low,4685,11.5,10.0,205.5,3.54,650,59.1,42
Ronda,Andalucía,rural,2023,3,2023-03,shoulder,8461,21.8,21.9,223.2,3.57,1366,48.6,42
Ronda,Andalucía,rural,2023,4,2023-04,shoulder,9056,22.1,20.2,148.87,4.07,1099,50.3,42
Ronda,Andalucía,rural,2023,5,2023-05,shoulder,8541,20.4,17.4,123.29,4.15,1158,78.7,42
Ronda,Andalucía,rural,2023,6,2023-06,high,12554,28.7,26.7,144.3,3.25,1276,51.6,42
Ronda,Andalucía,rural,2023,7,2023-07,peak,13955,37.4,35.9,192.11,3.22,1883,39.5,42
Ronda,Andalucía,rural,2023,8,2023-08,peak,14043,45.6,47.7,154.92,3.39,1301,81.1,42
Ronda,Andalucía,rural,2023,9,2023-09,high,13018,36.8,35.9,201.42,3.43,2310,63.9,42
Ronda,Andalucía,rural,2023,10,2023-10,shoulder,8476,25.0,24.5,163.12,3.89,1523,71.2,42
Ronda,Andalucía,rural,2023,11,2023-11,low,4251,13.6,13.0,135.6,3.53,639,67.4,42
Ronda,Andalucía,rural,2023,12,2023-12,low,4706,11.2,11.1,170.31,4.37,778,76.9,42
Ronda,Andalucía,rural,2024,1,2024-01,low,4193,11.2,11.1,97.05,3.66,360,48.6,42
Ronda,Andalucía,rural,2024,2,2024-02,low,4602,12.9,13.2,225.33,3.3,463,64.9,42
Ronda,Andalucía,rural,2024,3,2024-03,shoulder,8660,21.5,22.5,164.9,3.37,904,42.1,42
Ronda,Andalucía,rural,2024,4,2024-04,shoulder,9378,20.6,20.8,198.14,3.96,1142,71.7,42
Ronda,Andalucía,rural,2024,5,2024-05,shoulder,9505,20.5,19.6,142.9,4.0,901,48.2,42
Ronda,Andalucía,rural,2024,6,2024-06,high,11639,28.7,27.8,108.1,3.53,2059,58.9,42
Ronda,Andalucía,rural,2024,7,2024-07,peak,16017,39.1,36.9,203.59,3.58,2200,53.1,42
Ronda,Andalucía,rural,2024,8,2024-08,peak,14439,45.5,45.1,183.16,3.81,2338,80.7,42
Ronda,Andalucía,rural,2024,9,2024-09,high,13824,33.7,29.1,227.32,3.94,1243,45.8,42
Ronda,Andalucía,rural,2024,10,2024-10,shoulder,7800,22.8,23.1,132.32,3.89,1100,68.8,42
Ronda,Andalucía,rural,2024,11,2024-11,low,4812,12.5,13.1,127.97,3.26,700,72.1,42
Ronda,Andalucía,rural,2024,12,2024-12,low,5132,12.6,12.6,220.72,2.7,793,49.0,42
Ronda,Andalucía,rural,2025,1,2025-01,low,4311,11.0,11.0,154.24,3.81,471,77.2,42
Ronda,Andalucía,rural,2025,2,2025-02,low,4503,12.9,11.6,192.19,4.27,401,54.1,42
Ronda,Andalucía,rural,2025,3,2025-03,shoulder,9226,22.4,20.2,164.76,3.39,1027,81.4,42
Ronda,Andalucía,rural,2025,4,2025-04,shoulder,8934,21.8,19.5,161.1,3.92,772,74.9,42
Ronda,Andalucía,rural,2025,5,2025-05,shoulder,9151,23.2,21.5,157.61,3.79,900,51.0,42
Ronda,Andalucía,rural,2025,6,2025-06,high,13489,32.3,29.1,133.79,3.49,1945,56.9,42
Ronda,Andalucía,rural,2025,7,2025-07,peak,14322,42.5,37.4,140.76,3.9,2025,77.0,42
Ronda,Andalucía,rural,2025,8,2025-08,peak,14978,42.0,38.8,157.37,4.06,1564,52.2,42
Ronda,Andalucía,rural,2025,9,2025-09,high,12408,30.1,31.4,145.6,4.73,1549,66.3,42
Ronda,Andalucía,rural,2025,10,2025-10,shoulder,9187,24.7,24.0,75.44,3.69,1045,54.8,42
Ronda,Andalucía,rural,2025,11,2025-11,low,4438,11.1,10.1,164.97,3.66,701,51.2,42
Ronda,Andalucía,rural,2025,12,2025-12,low,4703,12.4,12.7,137.16,3.95,787,43.3,42
Ronda,Andalucía,rural,2026,1,2026-01,low,4716,10.9,11.3,160.46,3.5,561,41.7,42
Ronda,Andalucía,rural,2026,2,2026-02,low,5280,13.1,12.8,107.28,3.76,779,71.1,42
Ronda,Andalucía,rural,2026,3,2026-03,shoulder,9635,21.4,20.1,156.81,3.76,1456,56.6,42
Ronda,Andalucía,rural,2026,4,2026-04,shoulder,8007,23.5,21.6,180.66,3.88,859,68.7,42
Extremadura,Extremadura,rural,2023,1,2023-01,low,2950,7.5,10.0,150.81,3.99,395,44.3,28
Extremadura,Extremadura,rural,2023,2,2023-02,low,3270,7.3,10.0,162.14,4.03,497,60.0,28
Extremadura,Extremadura,rural,2023,3,2023-03,shoulder,5307,14.3,14.5,119.11,3.71,953,60.5,28
Extremadura,Extremadura,rural,2023,4,2023-04,shoulder,5747,16.4,15.1,82.86,3.98,460,70.6,28
Extremadura,Extremadura,rural,2023,5,2023-05,shoulder,5248,13.4,14.0,184.38,4.14,900,47.1,28
Extremadura,Extremadura,rural,2023,6,2023-06,high,8365,22.4,19.4,121.63,4.43,749,44.4,28
Extremadura,Extremadura,rural,2023,7,2023-07,peak,10354,28.8,29.4,132.42,4.08,1530,70.6,28
Extremadura,Extremadura,rural,2023,8,2023-08,peak,9961,30.4,26.2,120.44,4.5,1286,72.6,28
Extremadura,Extremadura,rural,2023,9,2023-09,high,8650,19.8,19.1,147.62,4.18,860,43.0,28
Extremadura,Extremadura,rural,2023,10,2023-10,shoulder,5322,15.2,15.3,176.86,3.92,507,63.0,28
Extremadura,Extremadura,rural,2023,11,2023-11,low,3090,9.1,10.0,128.24,4.42,248,44.5,28
Extremadura,Extremadura,rural,2023,12,2023-12,low,3127,8.8,10.0,278.81,4.0,295,61.1,28
Extremadura,Extremadura,rural,2024,1,2024-01,low,2821,8.8,10.0,163.78,4.2,421,47.1,28
Extremadura,Extremadura,rural,2024,2,2024-02,low,3089,8.2,10.0,143.07,4.09,281,49.6,28
Extremadura,Extremadura,rural,2024,3,2024-03,shoulder,6065,14.2,13.7,167.95,3.87,680,50.6,28
Extremadura,Extremadura,rural,2024,4,2024-04,shoulder,4963,15.2,14.4,155.55,4.32,795,36.9,28
Extremadura,Extremadura,rural,2024,5,2024-05,shoulder,5168,15.0,13.7,92.22,4.27,828,64.8,28
Extremadura,Extremadura,rural,2024,6,2024-06,high,7152,22.9,20.5,97.82,4.12,913,48.1,28
Extremadura,Extremadura,rural,2024,7,2024-07,peak,11021,24.8,24.6,145.42,3.96,1537,53.0,28
Extremadura,Extremadura,rural,2024,8,2024-08,peak,9904,27.5,23.6,139.81,4.36,896,61.8,28
Extremadura,Extremadura,rural,2024,9,2024-09,high,7364,22.6,21.2,111.7,3.77,899,63.6,28
Extremadura,Extremadura,rural,2024,10,2024-10,shoulder,5572,15.0,14.2,157.44,4.16,984,35.9,28
Extremadura,Extremadura,rural,2024,11,2024-11,low,3300,7.8,10.0,100.46,3.99,593,40.6,28
Extremadura,Extremadura,rural,2024,12,2024-12,low,3054,7.3,10.0,176.41,4.33,530,66.9,28
Extremadura,Extremadura,rural,2025,1,2025-01,low,3153,7.4,10.0,164.57,3.89,350,62.0,28
Extremadura,Extremadura,rural,2025,2,2025-02,low,3057,8.9,10.0,152.09,4.01,504,69.6,28
Extremadura,Extremadura,rural,2025,3,2025-03,shoulder,4847,14.0,14.4,140.03,4.18,558,44.9,28
Extremadura,Extremadura,rural,2025,4,2025-04,shoulder,5259,16.3,16.0,152.32,4.37,475,48.2,28
Extremadura,Extremadura,rural,2025,5,2025-05,shoulder,5828,14.6,13.4,107.3,3.91,533,32.7,28
Extremadura,Extremadura,rural,2025,6,2025-06,high,8070,21.7,20.0,207.66,3.76,1183,70.1,28
Extremadura,Extremadura,rural,2025,7,2025-07,peak,9501,26.1,24.5,165.35,3.95,1375,64.6,28
Extremadura,Extremadura,rural,2025,8,2025-08,peak,10791,24.9,25.8,160.17,4.33,1321,82.7,28
Extremadura,Extremadura,rural,2025,9,2025-09,high,7548,23.9,23.6,182.93,3.97,1024,52.7,28
Extremadura,Extremadura,rural,2025,10,2025-10,shoulder,5389,14.1,12.1,189.48,4.38,807,50.0,28
Extremadura,Extremadura,rural,2025,11,2025-11,low,2678,7.4,10.0,186.01,4.25,387,61.4,28
Extremadura,Extremadura,rural,2025,12,2025-12,low,3253,8.8,10.0,152.5,4.11,342,53.2,28
Extremadura,Extremadura,rural,2026,1,2026-01,low,2991,7.3,10.0,86.87,4.52,308,67.2,28
Extremadura,Extremadura,rural,2026,2,2026-02,low,3241,7.9,10.0,161.24,4.12,389,47.0,28
Extremadura,Extremadura,rural,2026,3,2026-03,shoulder,6026,16.3,14.6,42.55,3.97,818,73.1,28
Extremadura,Extremadura,rural,2026,4,2026-04,shoulder,5244,14.3,12.7,162.81,3.78,732,63.8,28
Picos de Europa,Asturias/Cantabria,rural,2023,1,2023-01,low,1821,10.7,10.6,92.4,4.1,205,51.0,35
Picos de Europa,Asturias/Cantabria,rural,2023,2,2023-02,low,1683,11.5,10.0,145.23,4.57,292,61.9,35
Picos de Europa,Asturias/Cantabria,rural,2023,3,2023-03,shoulder,3716,16.4,16.0,135.89,3.83,576,51.9,35
Picos de Europa,Asturias/Cantabria,rural,2023,4,2023-04,shoulder,3864,18.5,17.7,182.15,3.64,522,54.9,35
Picos de Europa,Asturias/Cantabria,rural,2023,5,2023-05,shoulder,3816,20.8,21.2,201.08,4.28,474,43.0,35
Picos de Europa,Asturias/Cantabria,rural,2023,6,2023-06,high,5357,28.5,29.1,155.22,4.13,540,33.7,35
Picos de Europa,Asturias/Cantabria,rural,2023,7,2023-07,peak,6797,36.0,33.6,196.57,4.1,810,72.7,35
Picos de Europa,Asturias/Cantabria,rural,2023,8,2023-08,peak,6537,36.0,35.5,172.67,4.57,847,64.3,35
Picos de Europa,Asturias/Cantabria,rural,2023,9,2023-09,high,5305,30.7,29.9,161.41,3.94,911,64.3,35
Picos de Europa,Asturias/Cantabria,rural,2023,10,2023-10,shoulder,3696,18.9,17.9,158.86,4.38,336,53.5,35
Picos de Europa,Asturias/Cantabria,rural,2023,11,2023-11,low,1737,11.1,10.5,155.32,4.59,147,66.5,35
Picos de Europa,Asturias/Cantabria,rural,2023,12,2023-12,low,2029,9.5,10.0,117.31,4.13,193,67.3,35
Picos de Europa,Asturias/Cantabria,rural,2024,1,2024-01,low,1770,9.8,10.0,243.57,4.46,226,35.2,35
Picos de Europa,Asturias/Cantabria,rural,2024,2,2024-02,low,1919,9.8,10.0,180.02,3.57,209,65.3,35
Picos de Europa,Asturias/Cantabria,rural,2024,3,2024-03,shoulder,3486,19.8,20.7,194.25,4.32,594,73.7,35
Picos de Europa,Asturias/Cantabria,rural,2024,4,2024-04,shoulder,3460,20.4,18.6,146.95,4.03,540,46.5,35
Picos de Europa,Asturias/Cantabria,rural,2024,5,2024-05,shoulder,3380,20.3,20.4,202.23,4.04,522,65.1,35
Picos de Europa,Asturias/Cantabria,rural,2024,6,2024-06,high,5324,30.2,30.4,226.11,4.24,633,63.4,35
Picos de Europa,Asturias/Cantabria,rural,2024,7,2024-07,peak,6057,36.8,37.7,202.08,4.19,511,56.5,35
Picos de Europa,Asturias/Cantabria,rural,2024,8,2024-08,peak,6224,32.3,33.5,184.49,4.02,809,58.5,35
Picos de Europa,Asturias/Cantabria,rural,2024,9,2024-09,high,4746,25.2,24.5,101.33,4.49,691,56.7,35
Picos de Europa,Asturias/Cantabria,rural,2024,10,2024-10,shoulder,3637,18.1,17.7,100.82,4.32,407,54.0,35
Picos de Europa,Asturias/Cantabria,rural,2024,11,2024-11,low,2048,10.7,10.5,173.9,4.5,345,50.2,35
Picos de Europa,Asturias/Cantabria,rural,2024,12,2024-12,low,2106,10.5,10.6,107.17,4.33,292,37.6,35
Picos de Europa,Asturias/Cantabria,rural,2025,1,2025-01,low,1911,9.7,10.0,122.21,3.79,308,59.4,35
Picos de Europa,Asturias/Cantabria,rural,2025,2,2025-02,low,1845,9.6,10.0,106.93,4.28,202,68.2,35
Picos de Europa,Asturias/Cantabria,rural,2025,3,2025-03,shoulder,3127,17.1,17.7,77.22,4.24,268,60.2,35
Picos de Europa,Asturias/Cantabria,rural,2025,4,2025-04,shoulder,3258,18.4,17.7,154.32,3.84,302,82.4,35
Picos de Europa,Asturias/Cantabria,rural,2025,5,2025-05,shoulder,3304,18.0,17.4,213.48,4.01,554,63.4,35
Picos de Europa,Asturias/Cantabria,rural,2025,6,2025-06,high,5342,25.0,21.7,215.53,3.75,687,87.0,35
Picos de Europa,Asturias/Cantabria,rural,2025,7,2025-07,peak,6492,33.1,31.7,218.55,4.26,909,57.5,35
Picos de Europa,Asturias/Cantabria,rural,2025,8,2025-08,peak,6013,30.2,27.1,162.49,4.4,739,68.3,35
Picos de Europa,Asturias/Cantabria,rural,2025,9,2025-09,high,4521,24.9,24.8,130.56,4.08,664,70.6,35
Picos de Europa,Asturias/Cantabria,rural,2025,10,2025-10,shoulder,3885,20.0,20.2,183.4,3.94,634,72.3,35
Picos de Europa,Asturias/Cantabria,rural,2025,11,2025-11,low,1958,10.3,10.4,213.02,3.71,241,41.8,35
Picos de Europa,Asturias/Cantabria,rural,2025,12,2025-12,low,1990,10.9,10.5,94.88,4.44,339,53.3,35
Picos de Europa,Asturias/Cantabria,rural,2026,1,2026-01,low,1783,10.8,10.0,187.1,4.04,221,62.2,35
Picos de Europa,Asturias/Cantabria,rural,2026,2,2026-02,low,1708,10.8,10.0,173.81,4.06,286,61.8,35
Picos de Europa,Asturias/Cantabria,rural,2026,3,2026-03,shoulder,3433,20.0,18.1,162.66,4.24,392,64.3,35
Picos de Europa,Asturias/Cantabria,rural,2026,4,2026-04,shoulder,3882,17.9,18.1,182.56,3.94,407,59.0,35
Teruel,Aragón,rural,2023,1,2023-01,low,2836,6.7,10.0,162.22,4.76,499,63.1,22
Teruel,Aragón,rural,2023,2,2023-02,low,2864,5.7,10.0,97.81,3.93,504,48.5,22
Teruel,Aragón,rural,2023,3,2023-03,shoulder,5035,13.1,13.0,115.26,4.23,467,48.6,22
Teruel,Aragón,rural,2023,4,2023-04,shoulder,4432,10.7,10.8,140.1,4.06,644,66.0,22
Teruel,Aragón,rural,2023,5,2023-05,shoulder,4423,10.9,10.0,169.4,4.11,432,61.4,22
Teruel,Aragón,rural,2023,6,2023-06,high,8042,18.5,15.9,207.56,4.17,753,65.6,22
Teruel,Aragón,rural,2023,7,2023-07,peak,8943,20.2,19.7,136.19,3.98,1467,52.6,22
Teruel,Aragón,rural,2023,8,2023-08,peak,9587,21.7,21.2,120.68,4.8,1081,65.6,22
Teruel,Aragón,rural,2023,9,2023-09,high,7130,17.0,14.6,204.01,4.06,884,50.4,22
Teruel,Aragón,rural,2023,10,2023-10,shoulder,5224,12.2,12.2,145.51,3.65,735,62.8,22
Teruel,Aragón,rural,2023,11,2023-11,low,2588,6.3,10.0,148.74,4.21,301,69.1,22
Teruel,Aragón,rural,2023,12,2023-12,low,2689,6.8,10.0,168.4,3.87,341,71.1,22
Teruel,Aragón,rural,2024,1,2024-01,low,2615,6.5,10.0,166.57,4.44,371,46.7,22
Teruel,Aragón,rural,2024,2,2024-02,low,2481,7.3,10.0,223.53,4.49,198,52.3,22
Teruel,Aragón,rural,2024,3,2024-03,shoulder,5503,12.4,13.0,176.49,4.31,976,45.3,22
Teruel,Aragón,rural,2024,4,2024-04,shoulder,4710,10.7,11.1,163.57,3.89,619,26.5,22
Teruel,Aragón,rural,2024,5,2024-05,shoulder,4885,10.7,10.6,139.02,4.39,460,55.1,22
Teruel,Aragón,rural,2024,6,2024-06,high,7827,18.8,17.8,139.21,4.08,1267,72.8,22
Teruel,Aragón,rural,2024,7,2024-07,peak,8873,20.4,19.1,160.73,3.86,1193,44.5,22
Teruel,Aragón,rural,2024,8,2024-08,peak,8764,23.8,24.2,162.79,4.02,1191,56.3,22
Teruel,Aragón,rural,2024,9,2024-09,high,7335,17.5,15.8,226.33,4.08,613,30.0,22
Teruel,Aragón,rural,2024,10,2024-10,shoulder,5002,10.6,10.3,121.31,4.12,493,53.8,22
Teruel,Aragón,rural,2024,11,2024-11,low,2540,5.8,10.0,167.37,3.8,278,66.6,22
Teruel,Aragón,rural,2024,12,2024-12,low,2447,6.6,10.0,218.79,4.1,427,64.8,22
Teruel,Aragón,rural,2025,1,2025-01,low,2857,6.1,10.0,167.65,3.77,254,61.8,22
Teruel,Aragón,rural,2025,2,2025-02,low,2497,6.5,10.0,201.43,3.85,218,58.7,22
Teruel,Aragón,rural,2025,3,2025-03,shoulder,5187,10.5,10.0,94.11,4.26,716,45.3,22
Teruel,Aragón,rural,2025,4,2025-04,shoulder,4965,13.3,11.5,164.38,3.72,883,66.0,22
Teruel,Aragón,rural,2025,5,2025-05,shoulder,4421,10.6,10.5,108.93,4.44,503,40.0,22
Teruel,Aragón,rural,2025,6,2025-06,high,6828,17.3,15.3,141.48,4.16,884,50.2,22
Teruel,Aragón,rural,2025,7,2025-07,peak,8385,23.8,21.4,178.34,4.3,1144,68.7,22
Teruel,Aragón,rural,2025,8,2025-08,peak,9584,19.9,20.1,181.97,4.2,1068,71.2,22
Teruel,Aragón,rural,2025,9,2025-09,high,7565,17.1,16.7,211.34,3.89,991,54.3,22
Teruel,Aragón,rural,2025,10,2025-10,shoulder,4781,12.8,12.9,71.57,3.92,775,57.5,22
Teruel,Aragón,rural,2025,11,2025-11,low,2717,6.0,10.0,191.4,4.35,289,48.9,22
Teruel,Aragón,rural,2025,12,2025-12,low,2761,6.4,10.0,172.31,3.9,455,55.1,22
Teruel,Aragón,rural,2026,1,2026-01,low,3036,6.8,10.0,88.03,4.53,420,60.8,22
Teruel,Aragón,rural,2026,2,2026-02,low,2999,5.9,10.0,181.52,4.04,433,61.9,22
Teruel,Aragón,rural,2026,3,2026-03,shoulder,5184,12.0,10.9,105.84,3.87,648,72.4,22
Teruel,Aragón,rural,2026,4,2026-04,shoulder,5053,13.1,11.6,175.75,4.04,716,70.1,22
